Alexa Turner,Gold and Green,Flowers,files/Flowers/Flower1_Alexa.jpg
Alexa Turner,Sweet Pink,Flowers,files/Flowers/Flower2_Alexa.jpg
Alexa Turner,Yellow from the Sun,Flowers,files/Flowers/Flower3_Alexa.jpg
Alexa Turner,Daffodil Violet,Flowers,files/Flowers/Flower4_Alexa.jpg
Alexa Turner,Red and Pink,Flowers,files/Flowers/Flower5_Alexa.jpg
Alexa Turner,White Cream,Flowers,files/Flowers/Flower6_Alexa.jpg
Jhon Kali,Wind and Warm,Country Side,files/CountrySide/Country1_Jhon.jpg
Jhon Kali,Dry and Cold,Country Side,files/CountrySide/Country2_Jhon.jpg
Jhon Kali,Life in Green,Country Side,files/CountrySide/Country3_Jhon.jpg
Jhon Kali,Golden Wind,Country Side,files/CountrySide/Country4_Jhon.jpg
Jhon Kali,Red in White,Country Side,files/CountrySide/Country5_Jhon.jpg
Reymond Murphy,Upside down,Water,files/Water/Water1_Reymond.jpg
Reymond Murphy,Life in Water,Water,files/Water/Water2_Reymond.jpg
Reymond Murphy,Shallow Blue,Water,files/Water/Water3_Reymond.jpg
Reymond Murphy,Sunset time Water,Water,files/Water/Water4_Reymond.jpg
Reymond Murphy,Black and White,Water,files/Water/Water5_Reymond.jpg
Reymond Murphy,Surfing and Water,Water,files/Water/Water6_Reymond.jpg
Rosaline Max,Spirals,Crafts,files/Crafts/Craft1_Rosaline.jpg
Rosaline Max,Continental Crafts,,files/Crafts/Craft2_Rosaline.jpg
Rosaline Max,WhiteCrafts,Crafts,files/Crafts/Craft3_Rosaline.jpg
Rosaline Max,Various Crafts,Crafts,files/Crafts/Craft4_Rosaline.jpg
Rosaline Max,Mug Crafts,Crafts,files/Crafts/Craft5_Rosaline.jpg
Rosaline Max,Plate and Mug,Crafts,files/Crafts/Craft6_Rosaline.jpg
Ananya Patel,Mix Fruit,Paintings,files/Paintings/Painting1_Ananya.jpg
Ananya Patel,Sun and Flower,Paintings,files/Paintings/Painting2_Ananya.jpg
Ananya Patel,Sunset ,Paintings,files/Paintings/Painting3_Ananya.jpg
Ananya Patel,Crystal Water,Paintings,files/Paintings/Painting4_Ananya.jpg
Ananya Patel,Orange Skin,Paintings,files/Paintings/Painting5_Ananya.jpg
Ananya Patel,Oreo,Paintings,files/Paintings/Painting6_Ananya.jpg
Mike Posner,Spicy,Food,files/Foods/Posner1.jpg
Mike Posner,Sweet and Spice,Food,files/Foods/Posner2.jpg
Mike Posner,Sweet,Food,files/Foods/Posner3.jpg
Alice Kelly,Life in Whiite,Animal,files/Animal/Animal1_Alice.jpg
Alice Kelly,Angry Birds,Animal,files/Animal/Animal2_Alice.jpg
Alice Kelly,Couple Birds,Animal,files/Animal/Animal3_Alice.jpg
Alice Kelly,Friends in a branch,Animal,files/Animal/Animal4_Alice.jpg
Natalie Kay,Buildings facing sun,Architecture,files/Architecture/Arch1_Natalie.jpg
Natalie Kay,Sky scrappers,Architecture,files/Architecture/Arch2_Natalie.jpg
Natalie Kay,Modern Buildings,Architecture,files/Architecture/Arch3_Natalie.jpg
Natalie Kay,Sunset Town,Architecture,files/Architecture/Arch4_Natalie.jpg
Natalie Kay,Upside down world,Architecture,files/Architecture/Arch5_Natalie.jpg
Natalie Kay,Sibling Buildings,Architecture,files/Architecture/Arch6_Natalie.jpg
Reymond Murphy,Sun and  Sea,Water,files/Water/Water7_Reymond.jpg
